,Year_x,Month_x,GPP1 (gC/m2/d),RECO1 (gC/m2/d),NEE1 (gC/m2/d),GPP2 (gC/m2/d),RECO2 (gC/m2/d),NEE2 (gC/m2/d),P_RAIN,m_y,Year_y,Month_y,TA,RH,PA,SW_IN,D_SNOW,SWC_1_1_1,SWC_1_2_1,SWC_1_3_1,SWC_1_4_1,SWC_1_5_1,TS_1_1_1,TS_1_2_1,TS_1_3_1,TS_1_4_1,TS_1_5_1,TS_1_6_1
0,2010,1,0.0,0.0,0.0,0.0,0.0,0.0,0.0,2010-01-01,2010,1,,,,,,,,,,,,,,,,
1,2010,2,0.0,0.0,0.0,0.0,0.0,0.0,0.0,2010-02-01,2010,2,,,,,,,,,,,,,,,,
2,2010,3,0.0,0.0,0.0,0.0,0.0,0.0,0.0,2010-03-01,2010,3,,,,,,,,,,,,,,,,
3,2010,4,0.0,0.0,0.0,0.0,0.0,0.0,0.0,2010-04-01,2010,4,,,,,,,,,,,,,,,,
4,2010,5,0.0,0.0,0.0,0.0,0.0,0.0,0.0,2010-05-01,2010,5,,,,,,,,,,,,,,,,
5,2010,6,0.0,0.0,0.0,0.0,0.0,0.0,0.0,2010-06-01,2010,6,,,,,,,,,,,,,,,,
6,2010,7,0.0,0.0,0.0,0.0,0.0,0.0,0.0,2010-07-01,2010,7,,,,,,,,,,,,,,,,
7,2010,8,0.0,0.0,0.0,0.0,0.0,0.0,0.0,2010-08-01,2010,8,,,,,,,,,,,,,,,,
8,2010,9,0.0,0.0,0.0,0.0,0.0,0.0,0.0,2010-09-01,2010,9,,,,,,,,,,,,,,,,
9,2010,10,0.0,0.0,0.0,0.0,0.0,0.0,6.5,2010-10-01,2010,10,-6.915273031023551,51.22765095153986,96.27685688043479,19.762055835371378,3.2654977623429398,,31.953776275784783,,,,-0.7922184344148904,-0.1952532626181643,-0.10979507954473998,-0.07445891367456875,-0.10363807772118468,-0.42259679397493133
10,2010,11,5.188688520366403,10.74147471694425,5.552786196577847,3.350197287355759,9.227388326662421,5.877191039306663,0.0,2010-11-01,2010,11,-12.245729300724639,80.4836759375,98.61870370208334,5.294546855555556,7.401642824048611,,20.087416666666666,,,,-0.9046419082125604,-0.36011382850241547,-0.12771678743961354,-0.08903834541062801,-0.12035446859903381,-0.4243257850241546
11,2010,12,0.40437946103395933,6.8008245695821925,6.3964451085482334,0.014808669222091678,3.5732166727305565,3.5584080035084646,2.5,2010-12-01,2010,12,-29.13980106989247,71.46706317405913,99.11657706518818,-0.8187016391129032,33.04213216819834,,,,,,-1.0472785733769776,-0.695296127903486,-0.19738275131051497,-0.08747957052797478,-0.11386772545601177,-0.38333212456377347
12,2011,1,2.6895957407713182,3.7029299751192335,1.0133342343479155,3.5713348805420395,4.390437396274375,0.819102515732335,3.0,2011-01-01,2011,1,-19.47979951075269,73.1082056485215,99.0907258125,2.9704357258064515,39.79143111556452,,,,,,-1.948722007947639,-1.5748094611968209,-1.0565363779803647,-0.37506749649368865,-0.18459057971014492,-0.4322277641421225
13,2011,2,0.5048591194741325,1.450257078756159,0.9453979592820266,1.416844484796745,4.392092882288936,2.975248397492191,17.0,2011-02-01,2011,2,-20.23619915029762,73.7727579330357,99.5581349188988,28.00926719047619,50.29635583339583,,,,,,-5.075412833333334,-4.701792166666666,-4.3225155,-3.7303653333333333,-3.3041671666666668,-2.2461443333333335
14,2011,3,0.9240263538722424,2.2940722348913445,1.370045881019102,4.529624863690291,8.816250995729876,4.286626132039585,3.0,2011-03-01,2011,3,-11.214722443548387,50.315342737231184,98.77392472446236,107.59238431048387,55.5577727030008,,,,,,-5.913798878205128,-5.675142628205128,-5.455654647435898,-5.069458333333333,-4.794908653846154,-3.802335737179487
15,2011,4,5.450349668916279,10.5954081176762,5.145058448759921,12.715497474485424,20.77209092720935,8.056593452723927,3.0,2011-04-01,2011,4,-1.2868083270833333,54.15697453611111,98.47722222013888,182.83511349375001,41.94131591430278,,,,,,-3.3021993055555554,-3.3143458333333333,-3.4009986111111115,-3.4311354166666663,-3.466081944444445,-3.3100493055555558
16,2011,5,34.613968704902,18.77890748776011,-15.835061217141886,71.95438220410858,66.10920132923356,-5.8451808748750285,3.5,2011-05-01,2011,5,10.124119625672044,47.32690411290323,98.74581092943548,236.15744324462364,1.3457815860272178,47.5888,39.090820820512825,18.668341666666667,25.85662333333333,21.364275,1.5702305107526882,0.15821841397849462,-0.3709583333333334,-0.5127103494623656,-0.7651471774193548,-1.4436928763440862
17,2011,6,93.11075846633472,40.48709224602212,-52.6236662203126,127.51821057657311,100.93425399326888,-26.583956583304218,69.5,2011-06-01,2011,6,13.9830527625,65.49735647430556,98.54391204027777,188.11376987152778,7.636345717584375,62.74350555555556,81.4515099706745,70.89099318796484,42.16534166666667,22.383899999999997,6.958925694444445,4.688119444444444,1.504982638888889,-0.03556041666666667,-0.31457430555555554,-0.8604430555555554
18,2011,7,119.33289949775686,49.75860632050218,-69.57429317725467,155.4960160559281,108.23693263594942,-47.25908341997868,57.5,2011-07-01,2011,7,14.574811368951613,69.9161536673387,98.5135080672043,195.29602837970432,0.3587037410420027,64.17196102150538,80.92326447772658,83.691,78.237,63.42223924731183,8.965771505376344,7.165276209677419,4.726890456989247,2.2116538978494624,0.47660551075268814,-0.6197836021505376
19,2011,8,101.15735023102857,70.26453142550866,-30.892818805519916,109.23454657849605,101.57945633261006,-7.6550902458859795,44.0,2011-08-01,2011,8,11.67812747580645,74.23584902083334,98.34995520094085,152.53019000067204,0.8687295586925403,68.40164732142857,83.17068293945145,83.691,78.237,74.171,6.8684469086021505,5.82898185483871,4.202731854838709,2.4866283602150534,1.2042479838709679,-0.469877688172043
20,2011,9,42.800077276689045,42.16924700952734,-0.630830267161703,53.60328415755249,61.1024860226933,7.499201865140813,27.0,2011-09-01,2011,9,7.540687040277778,71.15340508611112,97.71548611041666,90.13438309444444,0.4170854745347222,74.24924960784314,83.691,83.691,78.50144444444443,74.15148194444446,3.093933333333333,2.7130152777777776,2.042488888888889,1.3220708333333335,0.7521520833333334,-0.3878951388888889
21,2011,10,11.864944772782286,24.61392343023197,12.748978657449683,7.289752556783787,21.012944600682335,13.723192043898546,7.0,2011-10-01,2011,10,-3.054474244623656,78.82889560752689,97.88051075201612,38.79081131451613,1.091774417562164,52.96734811827957,78.96750478778468,83.691,79.70722580645162,72.04387096774194,-0.0838635752688172,-0.03194758064516129,-0.03807325268817204,-0.013143817204301076,-0.02414583333333333,-0.33476075268817207
22,2011,11,0.4292426447533622,3.9593527676965548,3.5301101229431926,0.1237162994489214,10.303990294681157,10.180273995232234,5.5,2011-11-01,2011,11,-23.0569125,74.28664815138889,98.29173610763888,7.178988215972223,15.530090104107293,13.569406944444443,29.038769444444444,61.42310628974051,78.16928472222223,72.009,-2.004342361111111,-0.8188083333333334,-0.10205208333333333,-0.04708263888888889,-0.050077083333333335,-0.31384930555555557
23,2011,12,1.1257287323503877,6.151073682418526,5.025344950068138,0.34168178552482725,10.742276997089412,10.400595211564585,7.0,2011-12-01,2011,12,-14.416200115820178,78.59832661370967,97.9143817204301,-1.93305701016703,24.87055891576613,13.779641129032257,17.909948924731186,20.62596505376344,65.01267607526881,69.08970161290323,-2.1874463223518643,-1.3511847403340196,-0.510776009494395,-0.07503736273164036,-0.06807236616334934,-0.3070255662319835
24,2012,1,2.2044053845040104,1.9600042502011683,-0.24440113430284205,0.8690556300351612,5.591830258183827,4.722774628148666,6.0,2012-01-01,2012,1,-31.385658139112905,64.4377979422043,98.77038530241936,2.979293534946237,39.59838653677419,13.132641129032256,16.328282258064515,18.387000000000004,26.267868279569893,40.236298387096774,-2.9619630376344084,-2.209343413978494,-1.3250416666666665,-0.5703004032258066,-0.1519274193548387,-0.28981048387096775
25,2012,2,2.8991219777843544,4.430419388419015,1.5312974106346604,1.8984478348867895,6.2583845641071045,4.359936729220315,1.0,2012-02-01,2012,2,-12.641370700431036,71.91766283117815,98.04444444396552,25.82657398347701,43.86440906371767,11.665556034482757,14.590999999999998,18.386999999999997,23.049862068965513,22.097,-2.7778656609195402,-2.5532873563218392,-2.1903045977011493,-1.7741278735632184,-1.4316968390804596,-0.9980028735632184
26,2012,3,2.560927657288738,3.9863973606930694,1.4254697034043313,2.8982614815985333,5.2434418176626005,2.3451803360640673,11.0,2012-03-01,2012,3,-14.515866481182796,61.41667115725806,98.01913081989247,95.64313262768817,58.06707482085685,10.708999999999998,14.591,15.17519623655914,22.096999999999998,18.59643548387097,-4.195945564516129,-3.9969280913978493,-3.7248844086021506,-3.4354932795698927,-3.22692002688172,-2.4517983870967743
27,2012,4,16.11399851387132,18.48143705367427,2.3674385398029494,9.205728509450074,38.05128573262411,28.845557223174037,0.0,2012-04-01,2012,4,2.5854307937499996,53.771939805555554,98.68476851666667,186.4554543890662,22.763440046309373,15.517413888888887,16.502180555555558,16.6788,23.594416666666667,20.1260625,-1.7150145833333332,-1.8307055555555556,-1.997904861111111,-2.0761,-2.148498611111111,-2.288846527777778
28,2012,5,43.01319708061131,13.250219920603014,-29.7629771600083,68.3986935992154,60.159651374927314,-8.239042224288088,22.5,2012-05-01,2012,5,8.076002898521505,51.925210578629034,98.38398296975807,209.95220209811828,0.4294986559203628,35.05754296621183,26.96146788724208,19.86302150537634,25.721,22.096999999999998,0.7779791666666667,-0.11249260752688173,-0.343573252688172,-0.4494106182795699,-0.5577661290322581,-1.0171989247311828
29,2012,6,89.92070928294557,41.168027467461556,-48.75268181548401,126.42376377421581,91.23251391408171,-35.1912498601341,24.5,2012-06-01,2012,6,14.539833953689312,64.06703707961721,98.54092234707646,223.40876408142424,5.283904982580147,73.48719362745098,83.33640952380954,47.371134294871794,29.67280928514848,22.096999999999998,4.638559293154009,2.7608253638301816,0.16384028950517407,-0.2004102474972191,-0.28599356587285535,-0.7181744254980281
30,2012,7,105.19147205658808,38.31747060548109,-66.874001451107,131.6854904679433,91.20310513575237,-40.48238533219094,69.5,2012-07-01,2012,7,14.39057481922043,70.87071461223118,98.81241039112903,197.39651992741935,1.8201748703371792,61.33968327922078,78.82489814814815,83.691,76.30994971264367,40.912160591133,7.269998932676518,5.601802380952381,3.2650664203612476,1.1579343390804597,0.07694181034482758,-0.5493577586206896
31,2012,8,82.67110709695038,46.639130983583144,-36.03197611336723,85.91276273412238,73.42605967758277,-12.486703056539616,61.0,2012-08-01,2012,8,11.973578409274193,73.51619847782257,98.82495519959677,157.2398394630376,3.3161164137876757,65.04077272727274,82.18815614973262,83.691,80.141,71.40309375,5.8467416666666665,4.864609548611111,3.462467621527778,2.0847859375,1.0531473090277776,-0.4330953125
32,2012,9,20.04574565768368,31.673825038341583,11.628079380657905,30.771257604276304,47.79030219920446,17.01904459492816,25.0,2012-09-01,2012,9,6.7306053284722225,69.35154165833333,98.10803240208334,82.55030504861111,3.6520052413975197,75.9485,83.691,83.691,80.141,69.761,1.9019208333333333,1.6951090277777778,1.2840458333333333,0.8683215277777777,0.5306597222222222,-0.3413895833333333
33,2012,10,8.77046143679754,20.1739772775361,11.403515840738558,9.329003325146948,19.518760949886868,10.189757624739919,18.5,2012-10-01,2012,10,-6.497737228494624,76.2647457452957,99.54606855241936,39.51862694758065,1.7550320340500671,49.11568965517242,76.55233122431643,83.691,80.141,69.761,-0.1755869938229238,-0.011467298673072524,-0.014373527224891328,0.007963209219858157,-0.00944666552276367,-0.3008004604209563
34,2012,11,3.115485311263683,8.16997923089594,5.054493919632257,1.299398353927362,7.731722794241006,6.432324440313644,0.5,2012-11-01,2012,11,-21.107213892361113,65.84338195138889,99.38131944166666,7.81909938125,6.611267361104861,14.591,22.705248611111113,61.869075241908575,79.36224444444446,69.17587916666666,-1.7598347222222224,-0.8968256944444445,-0.14301319444444444,-0.049770833333333334,-0.04942638888888889,-0.28043402777777776
35,2012,12,0.8800309077781479,4.253052613666266,3.3730217058881173,0.6155495761612814,4.961282374994036,4.345732798832754,17.0,2012-12-01,2012,12,-24.539208083705102,69.71935392949267,98.49437724327956,-1.9200074549731183,20.372927307341733,14.588391129032257,18.21352688172043,18.387000000000004,37.71499059139784,58.3952296957218,-2.4128296299473804,-1.8519319377716768,-1.0119191975520476,-0.28512724490963165,-0.08060864218714253,-0.2730659460077785
36,2013,1,1.2409753024768204,6.213804512017299,4.972829209540479,0.43027704966084696,7.460266282257924,7.029989232597078,11.0,2013-01-01,2013,1,-17.40200987231183,71.41719196975806,98.83136201209678,1.7589982694892472,28.703485393213892,14.818539836693548,17.849581983198927,18.71226215658602,25.96201812231183,26.795547829301075,-1.658820564516129,-1.4431438172043012,-1.0913259408602152,-0.6826572580645162,-0.31257728494623654,-0.2940477150537634
37,2013,2,0.9201097414515053,1.5722480811144839,0.6521383396629785,2.1845836476724196,5.6359574102367125,3.451373762564293,4.0,2013-02-01,2013,2,-16.72188282217262,73.1014347797619,98.04299354910714,29.750157641369047,41.49005115328869,14.016493995535715,16.57678130952381,16.72803969345238,22.436888720982143,20.877256070684524,-2.902907738095238,-2.725829613095238,-2.4400684523809524,-2.1152306547619046,-1.8463251488095238,-1.2133846726190476
38,2013,3,1.7461813001887683,2.737473600470572,0.9912923002818038,2.288262661122167,5.268667474132538,2.980404813010372,2.0,2013-03-01,2013,3,-12.90782930107527,59.68224797379032,99.3655353938172,103.6533104811828,45.89246908608535,13.57728606922043,15.992267471102151,15.87367087701613,21.154526458333333,20.029712103494624,-4.04679435483871,-3.9060060483870966,-3.696148521505376,-3.449358870967742,-3.2541290322580645,-2.5488172043010753
39,2013,4,3.242806291391591,5.931941884719896,2.689135593328305,2.2130284379210887,5.688875280721195,3.475846842800106,11.5,2013-04-01,2013,4,-8.013462603472222,53.97208101875,99.62520832916667,187.18086723402777,45.337088020909725,13.459589808333334,15.782048293055556,15.554169077777777,20.668612779166665,19.72228993194444,-4.160577083333333,-4.104902777777777,-4.01868125,-3.877325,-3.772784722222222,-3.2991006944444448
40,2013,5,33.27955604452192,21.065712867055055,-12.213843177466863,28.855218075916994,30.126811532074175,1.2715934561571802,1.0,2013-05-01,2013,5,5.343817188218392,45.136748282438106,99.02280430255304,273.65295399303716,14.384948784811403,15.935372878251663,17.954594860254083,17.815774048964006,22.88119536048094,20.670181547980942,-1.0467862220205686,-1.2160643905021173,-1.4682820251058681,-1.6201747580157289,-1.7547230414398063,-2.1808756427707197
41,2013,6,88.87265283034613,41.249574488877336,-47.62307834146878,95.7352181629298,71.21025196730412,-24.524966195625684,0.0,2013-06-01,2013,6,,,,,,,,,,,,,,,,
42,2013,7,95.74191208474416,62.83623527938522,-32.90567680535894,88.76128208094504,76.75559095157637,-12.005691129368673,7.0,2013-07-01,2013,7,17.35993311340852,64.69779646287594,99.57467627036341,238.54055676817043,0.900274277975033,65.08914641175872,81.36137234231322,83.26663231366213,42.22272220117939,24.144055516073276,6.3886900048062705,4.0504842964359655,1.5561180031795325,-0.08523180087252293,-0.2073858325939071,-0.6632460717982845
43,2013,8,89.13057690385774,75.76762955878779,-13.362947345069944,77.7720182086791,78.89927288586428,1.1272546771851808,8.5,2013-08-01,2013,8,13.17841465860215,69.15145609274194,98.52141577419354,169.13003836088708,2.2968299707580044,51.81076761777828,68.56378915441621,83.42071725,75.8271698629386,32.09375889280853,7.078071725650333,4.834976860254083,2.5879291817906833,0.8337118496672717,-0.07453830157289776,-0.5635665456745311
44,2013,9,26.436863076061087,28.06973105714642,1.632867981085332,25.912605749295704,35.15510671995387,9.24250097065817,28.0,2013-09-01,2013,9,4.8504546472222225,77.96328241944444,98.04569444930556,77.80387471180555,2.2402013759249884,72.8995124445481,83.76090448309581,83.68886976797387,80.02662535976461,68.4853640048913,0.9147039855072464,0.7547277173913044,0.5276579710144927,0.31492554347826085,0.11715398550724639,-0.4155434782608696
45,2013,10,8.136271269482641,23.365493947929583,15.22922267844694,8.208373178739974,23.715060074204033,15.506686895464057,25.0,2013-10-01,2013,10,1.0557239106182794,80.85601030510753,98.32543682392473,33.89952729838709,0.9666437111570007,66.74921206653227,82.4024280364931,83.70188016564103,79.9876293242581,68.24456414247312,-0.022790322580645162,-0.033786290322580646,-0.04986760752688172,-0.024370967741935482,-0.03833534946236559,-0.36094287634408606
46,2013,11,2.662384648838312,10.210136305727234,7.547751656888922,0.44693134944489255,11.716099574661468,11.269168225216577,35.5,2013-11-01,2013,11,-15.279503350694444,80.91707869791666,99.18643518541667,6.2548456847222225,13.064643286984374,22.963137539583332,61.91300011785652,83.57367431915134,79.75793997848854,66.68344134930555,-0.42514375,-0.12927986111111112,-0.12221388888888889,-0.08735416666666666,-0.09416805555555555,-0.37380763888888885
47,2013,12,1.2610842941349807,4.705861450228934,3.4447771560939535,2.006134836527016,7.408344534722191,5.402209698195175,11.5,2013-12-01,2013,12,-20.55471479193834,75.68529370427248,99.53523745094085,-0.45962450873655913,29.21325089780891,15.011633731861872,23.294213656341654,79.22714424936932,79.24252432086925,64.74433634776555,-0.6258881409472569,-0.3224408810222549,-0.11945730924431401,-0.08319242174125704,-0.08981862721121708,-0.3448604008722589
48,2014,1,1.2438654604729376,3.89292381759895,2.6490583571260125,5.243859952700325,8.473516819002871,3.229656866302546,5.5,2014-01-01,2014,1,-13.286924710349462,83.00415471966845,98.2574820719086,5.66413618077957,37.66237892031922,14.838600344758063,20.147878498655913,36.4652502157258,76.4440062110215,61.99948434610215,-0.5895571236559141,-0.3793958333333333,-0.10538508064516129,-0.04524260752688172,-0.05132459677419355,-0.29025940860215055
49,2014,2,4.504406445932321,8.605425928986202,4.101019483053882,2.4510442580627303,5.454685650856106,3.0036413927933756,3.5,2014-02-01,2014,2,-17.539377976190476,62.876023066220235,99.26742311607143,39.646270124255956,42.76099330355283,14.108053727187817,18.81379744201178,21.866500705214666,61.0954622160746,55.46478315427115,-1.3394554046352583,-0.9434665020263424,-0.3961025519250253,-0.07095872910334347,-0.07379304394630193,-0.3200022004812563
50,2014,3,4.318597224048033,6.562561082570595,2.2439638585225623,1.1346144615060068,5.242158256145192,4.107543794639186,0.0,2014-03-01,2014,3,-8.772644509837566,50.64612651967513,98.79853842694749,111.78725311996682,44.37992622602752,13.580533412453436,17.707288706740872,18.772794053721665,27.61540776875705,27.728284552728912,-1.8248925200587436,-1.5221308502912592,-1.1307662432979495,-0.7025061776680728,-0.4386539134566356,-0.5826463248814103
51,2014,4,13.00919969944211,12.686032317644418,-0.32316738179769267,9.368151039603182,12.748907000650226,3.3807559610470443,5.0,2014-04-01,2014,4,0.09310787013888877,54.98910995763889,98.43533564444445,192.29361920833333,24.9006089737725,17.354807719444445,18.938787065972225,19.332273539583333,27.320645835416666,23.859644988194443,-1.0285909722222222,-0.9810763888888889,-0.9446875,-0.8500201388888888,-0.7985916666666667,-0.8037020833333333
52,2014,5,57.63306386871774,26.762168216509558,-30.870895652208183,58.91744158005942,40.40464072898905,-18.512800851070367,4.5,2014-05-01,2014,5,9.049168245967742,49.954170029569894,99.28308692137097,218.211203375,2.4077636791765182,36.02711321034946,24.579020564516128,22.024460875672045,30.75660405577957,25.49761503763441,0.8532069892473119,-0.11230174731182796,-0.22612365591397848,-0.25006922043010754,-0.3009005376344086,-0.533255376344086
53,2014,6,92.10263718217244,47.29189439846753,-44.81074278370492,107.3753438514914,80.6181678667917,-26.757175984699693,88.5,2014-06-01,2014,6,12.826428240972223,66.91979282638889,98.53615740625,203.68291311319445,4.904332048612156,60.65638003933982,78.21201241445318,37.11027995,32.773794503472224,26.480281638194445,3.0976138888888887,1.2928354166666667,-0.10477500000000001,-0.16229097222222222,-0.21957291666666665,-0.44126875
54,2014,7,115.84699325930616,62.43414933129602,-53.41284392801013,128.0459710505249,101.69851625841507,-26.347454792109836,206.0,2014-07-01,2014,7,13.98429614717742,75.415393140457,98.92820340389785,181.50463939919354,4.00980149917933,79.95498120255988,83.6490768025974,83.27395520047155,55.63527024193549,28.609100583333333,3.979567876344086,3.213022177419355,1.3755322580645162,0.10479032258064516,-0.14009408602150536,-0.38454502688172043
55,2014,8,80.70393273146323,55.244669044752804,-25.459263686710415,92.02210920167761,91.60812633572257,-0.41398286595504086,97.0,2014-08-01,2014,8,12.797781365591398,78.0940076108871,98.55987903158602,154.8534024106183,3.025635191451584,80.22392839630264,83.82108963605442,83.5070396875,77.8053870577957,61.05751304301075,4.591755376344086,3.688556451612903,2.3922943548387097,1.2162533602150538,0.36775067204301076,-0.3436922043010753
56,2014,9,43.32336148199307,49.78093016079005,6.457568678796982,42.01932712629372,55.6655743191306,13.64624719283688,78.5,2014-09-01,2014,9,5.977063421527777,67.90593981736112,98.58377315208332,109.87306460277777,1.87355480324375,77.21162635899029,83.9335401474359,83.60396953472221,77.78346503541667,67.62714042361111,1.6032027777777778,1.3227125000000002,0.9176298611111111,0.5465923611111111,0.2377027777777778,-0.30946875
57,2014,10,9.67276689947977,19.937893242091143,10.265126342611374,5.550157093437871,16.53791287913445,10.987755785696578,7.5,2014-10-01,2014,10,-5.2061816895161295,78.72222442423445,98.16682347043012,39.94403955913979,-3.4354434923743282,55.94794175,79.15619652038741,83.56856861458333,77.43433572580645,67.20997812499999,-0.1683366935483871,-0.06463440860215054,-0.0777600806451613,-0.045022849462365594,-0.05633131720430108,-0.2843366935483871
58,2014,11,6.074513770885628,12.226103297149551,6.151589526263923,3.8849214239265266,6.14275692570572,2.2578355017791942,3.0,2014-11-01,2014,11,-11.424309141666667,74.11810648402778,98.84245370486111,13.604975981944445,-3.2328585069447917,13.579006179166667,22.172136902777776,55.729954794220156,76.61681216875,66.46555830763889,-1.8936465277777779,-0.9440354166666667,-0.17462291666666668,-0.05477638888888889,-0.05858055555555555,-0.26210694444444443
59,2014,12,1.6509407699396055,3.3750627669757156,1.7241219970361104,1.3603037336970565,8.909902450872835,7.549598717175779,14.5,2014-12-01,2014,12,-14.219344435712651,80.01273195036892,98.0917338702957,0.3987512063172043,9.65144534051008,13.720782836765043,17.575464280342025,20.702314944148938,55.085186210735536,62.839714268817204,-1.6212757664150081,-1.108341969800961,-0.5401130319148936,-0.08363636753603294,-0.050407329558453444,-0.24182133665065203
60,2015,1,1.0211451823148472,5.7720575468832624,4.750912364568415,1.0008783605678317,7.689339127798237,6.6884607672304055,0.0,2015-01-01,2015,1,-19.022813396505377,71.73888327889784,99.1571572560484,5.3669828797043015,14.534159610117609,12.826652778225807,16.38444586827957,18.28086511424731,26.118015819220428,35.73007897916666,-3.925434139784946,-2.8113514784946236,-1.7348279569892473,-0.9198172043010753,-0.36160416666666667,-0.23549529569892474
61,2015,2,1.532265067892913,4.775864197909678,3.2435991300167655,0.8277009089682599,4.966162840678973,4.138461931710713,13.5,2015-02-01,2015,2,-15.191987598958333,73.62319691964287,99.46479414508929,29.772208113839287,19.014593997976192,11.598037569940477,14.621067821428571,15.351951689732143,20.78718002529762,19.896092083333333,-6.342420386904762,-5.482599702380952,-4.574055059523809,-3.819122023809524,-3.2410386904761905,-1.5217433035714285
62,2015,3,6.11400669675635,10.082144446300338,3.968137749543988,1.1136412197153382,6.834029015100725,5.7203877953853866,18.0,2015-03-01,2015,3,-8.44137197782258,64.12517024327957,98.71756272513441,103.57715539583334,36.44750968861559,12.362454565717226,15.318263457732783,16.03402958996797,21.248921377502285,19.94570611780771,-3.372821336650652,-3.225505176161062,-3.0585233070235645,-2.8589343542667582,-2.7182995309997713,-2.148376429878746
63,2015,4,14.76017183845651,14.96705710919303,0.20688527073652074,12.473980950068896,20.202421601651903,7.728440651583009,3.5,2015-04-01,2015,4,2.1733139986111114,53.635986111111116,98.01087963263889,183.03103561527777,13.298969502344098,17.240065205836288,17.437210636096335,17.947758852201538,23.03831747703901,20.65993917715721,-1.1033286199763594,-1.2282472369976358,-1.3900535904255318,-1.4519448286052008,-1.5149741134751773,-1.6443551566193855
64,2015,5,64.13386706706524,32.93524661226018,-31.198620454805052,101.5366055378021,96.63935870504547,-4.897246832756638,7.0,2015-05-01,2015,5,12.186366486559141,49.39602038306452,99.15338261290323,252.59269188373656,0.14511594275249087,37.16395211051595,26.504324268257687,21.02176243480623,26.469548002392873,22.256854871065965,1.0335184168382523,-0.10634726035232213,-0.2979439356977311,-0.36362879290879613,-0.45636763550277026,-0.7858072523450012
65,2015,6,95.05184742059865,62.15311968792812,-32.89872773267052,122.13273733195531,111.09512599850957,-11.037611333445744,23.5,2015-06-01,2015,6,14.48568391388889,58.43414121111111,98.87131944027779,244.46570353125,3.55937244688628,51.368493585328764,68.90433775725339,33.01909132780076,28.197152555095872,23.22528720687967,4.511529732908279,1.6632676081142392,-0.1231621206151348,-0.20123946915968194,-0.2832135853212981,-0.5753705121546434
66,2015,7,96.9608790264819,72.78552333863932,-24.17535568784258,129.96852223444662,112.5990768386267,-17.369445395819906,73.0,2015-07-01,2015,7,15.279507625672043,71.95494399462365,98.68392696841399,188.8815700389785,1.5149515314328157,51.306551931547624,67.04305237397251,82.89977364190851,51.98650635565476,25.319534921875,6.246124255952381,3.547066220238096,1.2483430059523808,0.040935267857142854,-0.15543377976190476,-0.46060863095238097
67,2015,8,84.08837521871355,67.78668838701381,-16.301686831699744,87.05929431373087,85.90765240217559,-1.1516419115552907,123.5,2015-08-01,2015,8,10.749738907258065,84.2569758138441,98.79026657392474,125.33563218212366,3.3977858233373857,72.02397753777292,83.33000455933585,83.53169524236769,77.26547888896992,45.56449749126344,3.735173287005262,2.6629615648593,1.5906292753374514,0.7077190288263556,0.0560823467169984,-0.37926086707847173
68,2015,9,27.50251555532458,17.84694970539548,-9.6555658499291,45.0503434582895,42.74633059598449,-2.3040128623050067,92.5,2015-09-01,2015,9,4.2886767856666665,77.42543633094445,98.26125647847222,92.75859856305556,3.3798289908969896,73.28169493705636,83.62213928888889,83.68025985486112,78.31865358287529,68.67741906750886,1.2872437885445576,1.0113843528368796,0.6746409426713948,0.3865723108747045,0.1250225472813239,-0.32246220449172575
69,2015,10,10.851744041537279,28.426270420042652,17.574526378505375,6.464627813970609,19.758288172343775,13.293660358373163,15.5,2015-10-01,2015,10,-1.2980709751588022,80.90121225083183,98.18924367120387,41.00792478569268,-0.5254250228888221,66.91701575616865,82.18795812104351,83.68272314333561,78.10826323803272,69.4715294899385,-0.047446444890656574,-0.0414392320217271,-0.05965508070432869,-0.025647735902485487,-0.03711747499710392,-0.27419176207668844
70,2015,11,2.0248980425676404,6.891577469397684,4.866679426830044,3.484947797893753,7.305937583981082,3.820989786087329,29.0,2015-11-01,2015,11,-12.749403127083333,86.53575925763889,98.0609490798611,5.637823222222222,14.961151736093402,22.18498807171296,56.34351926781816,83.50749033333334,78.00321663063829,65.95900110512903,-0.41537222813238767,-0.09318624113475177,-0.08177973502758078,-0.043785684594168636,-0.053047913711583926,-0.2640207959022853
71,2015,12,5.7864156108607885,5.441757813345298,-0.3446577975154905,6.099575436815335,8.45035283135499,2.3507773945396555,0.0,2015-12-01,2015,12,-18.430669365162434,75.26753194204701,97.69071460551076,0.5010221582087595,25.282546146922044,15.427831493483485,23.276459653742428,76.21381205273498,76.9775336768847,61.990424268489576,-0.6631738353326768,-0.33865767024260696,-0.09504696592163768,-0.05533938918066705,-0.060967404981448876,-0.2534019090746322
72,2016,1,6.275655718734846,14.008742216895508,7.73308649816066,4.7935490423310005,9.750794810198888,4.957245767867887,0.0,2016-01-01,2016,1,-12.645479063172044,72.2825414375,97.90063843817204,4.818453940860215,24.934525761680106,14.86550950668748,19.389857419131655,30.06544130908197,74.3394980021156,58.77778360300162,-1.1440136777227379,-0.7245613629355535,-0.22035471188564948,-0.055652635204360756,-0.06405350233256742,-0.24103509792804353
73,2016,2,5.981003960442809,10.460910019262776,4.479906058819968,5.49615690170176,8.531786226501872,3.0356293248001123,0.0,2016-02-01,2016,2,-11.363022992816092,69.01260177514368,98.01111110704022,37.7201343591954,25.39008991862428,14.146570266522987,18.099253987068966,20.316740584051722,37.55710878520115,47.060098366379314,-1.8222485632183907,-1.3525280172413792,-0.7790948275862069,-0.24513793103448275,-0.06818750000000001,-0.22183333333333333
74,2016,3,7.432004335776504,11.165320875517528,3.7333165397410237,5.279105234095021,7.807519744036422,2.5284145099414013,12.0,2016-03-01,2016,3,-6.340905458333333,67.27203180645161,98.24603494354838,96.88712863978495,24.17730650762164,13.998243972446236,17.57807888239247,18.80798108467742,25.463670612231184,23.395560264112902,-1.9723743279569892,-1.6891350806451613,-1.3700336021505375,-1.0043870967741935,-0.6958051075268817,-0.4231827956989247
75,2016,4,32.14120678370744,30.539211935108828,-1.601994848598614,30.20206027554856,26.22718181263131,-3.97487846291725,4.5,2016-04-01,2016,4,4.184334265972222,56.22511922361112,98.41009259027778,173.3546451840278,4.3690652860315815,22.45017287179487,20.638794527022547,21.34906300480769,27.268310997015917,23.55629617921088,-0.10687068965517241,-0.1911862842617153,-0.3359727564102564,-0.37788936781609195,-0.44343153183023876,-0.5597556366047746
76,2016,5,84.2082346619601,44.723168475761696,-39.48506618619841,63.67188669755074,22.60561713521112,-41.06626956233962,18.0,2016-05-01,2016,5,10.392994626344086,59.18324710147849,99.12318548588709,212.64090318010753,3.2032569444394134,62.0447774066616,55.799625803307165,23.98512516069318,30.263648983219348,25.27692761972005,1.7278770353886235,0.043788759830173205,-0.15889636102668017,-0.1699986762435471,-0.21889973826409997,-0.3674220913542722
77,2016,6,196.52102811520805,144.97832738344522,-51.54270073176283,85.516584273085,28.452283715078774,-57.06430055800623,86.0,2016-06-01,2016,6,13.973920604166667,67.4990821798611,98.77392360972223,226.5029220340278,3.349869028837121,67.99385675061552,80.80518088207695,41.332450199910575,31.710759832315112,25.928706951211584,3.385128222967417,1.4115427112241752,-0.04698644323671498,-0.14595701318223867,-0.19653004484016856,-0.34828304039469626
78,2016,7,223.69417733244126,184.95097274485556,-38.74320458758567,112.77091395973176,68.03295558126013,-44.737958378471625,185.0,2016-07-01,2016,7,15.775515237903226,80.11197469422044,98.8559475826613,190.9367864045699,1.5636339605732528,74.58415046840705,82.91164325555556,83.33709575904761,59.53497242181423,32.95500212818863,5.246414650537635,3.717470716083276,1.7756365391214826,0.3919166380690917,-0.07117501715854496,-0.30964135781285745
79,2016,8,121.93351007754546,91.42553183741768,-30.507978240127777,83.52182762233178,44.25647639849645,-39.265351223835324,38.0,2016-08-01,2016,8,14.245521786180772,80.22150741581767,99.035663077957,152.5390578045699,2.454217128283109,77.22940031023111,83.6730390102564,83.388427,77.87961542064173,69.77384459284202,5.0416659088309315,4.095357040722947,2.7530484156943493,1.5515819892473117,0.6475485586822238,-0.2662540608556394
80,2016,9,41.93980744287722,37.94783406486955,-3.9919733780076694,27.06611624306794,20.360162655886967,-6.705953587180972,44.0,2016-09-01,2016,9,6.093017462894669,79.021806576184,98.58693286875,97.5674165763889,1.7637799768468752,75.2636769831817,83.80125222727273,83.52564909499999,77.04634472803603,71.40448217184512,1.9731389325727207,1.6169155283174017,1.138578738179669,0.7055817722787542,0.35157509379175667,-0.2356007856665639
81,2016,10,12.643148356340541,22.683460823243347,10.040312466902806,8.413224668224302,14.074839016619064,5.661614348394762,0.0,2016-10-01,2016,10,-4.844151770833333,68.0733904623656,98.79050179569893,55.302702021505375,-0.41341834676579303,38.03950611803649,54.38180346023131,83.38344474164502,77.01477936855126,71.19750314334534,-0.7366960220773279,-0.2296467341569435,-0.06292418782887212,-0.03673871825669183,-0.04601118165179593,-0.21950722088766875
82,2016,11,1.0712778052458198,10.808915390926567,9.737637585680746,2.0782756033558836,8.522296671133402,6.44402106777752,0.5,2016-11-01,2016,11,-17.488974312777778,82.61167616152778,97.87370833541667,6.657520041666667,-1.58690321759625,13.252313760516536,17.770187947786603,32.00615483271181,67.55226208424843,69.38056390744379,-2.7060827619843923,-1.867910660535117,-0.7109476286696396,-0.13382774758454108,-0.06373447835377183,-0.20235921590486808
83,2016,12,2.41029684652547,3.807819944893341,1.3975230983678713,2.3175883500414654,3.3213626192853356,1.0037742692438705,35.5,2016-12-01,2016,12,-19.326605716119975,76.59001413027482,99.02336805833333,0.6371767024470899,6.613336861523858,13.089365538119322,17.001609914754358,17.504312661830568,24.38299787793498,38.49490745924224,-2.8452425061919966,-2.2664042136661595,-1.5504730517591239,-0.8673470862801269,-0.35452596535465963,-0.1737217916007679
84,2017,1,4.623695798610567,4.503951017025058,-0.11974478158550916,0.0,0.0,0.0,15.0,2017-01-01,2017,1,-22.083320340485216,77.19632616485215,98.93234767036964,4.831405285201389,30.83871316562927,13.560568010123616,17.312945453407014,17.459827144241718,23.01281957798989,21.16071022490409,-1.994060246924857,-1.8134163165266106,-1.535771000791621,-1.2209285333698698,-0.9944024174887346,-0.3683924537206187
85,2017,2,4.585897464622421,3.342567524461699,-1.2433299401607223,0.0,0.0,0.0,19.5,2017-02-01,2017,2,-16.45377653764658,76.43039186502976,98.84784226184524,33.78060313972304,37.15703249017485,13.289225730877977,16.968702887723214,16.842113913318453,21.871398453497022,20.15892568489583,-2.515265625,-2.345782738095238,-2.1022552083333332,-1.8241889880952382,-1.6340438988095236,-0.9186904761904762
86,2017,3,5.152100731504185,6.975515005594476,1.8234142740902906,0.0,0.0,0.0,12.0,2017-03-01,2017,3,-17.41862858420027,55.76189068093414,99.44587813622312,115.24484461728427,45.9663874328125,12.969870724462364,16.58179226377688,16.27417733172043,21.03683989126344,19.668689833198922,-3.1059475806451613,-2.9360799731182796,-2.706264784946237,-2.441345430107527,-2.2688279569892473,-1.5794583333333334
87,2017,4,17.44789747460421,30.274613239901587,12.826715765297378,0.0,0.0,0.0,0.5,2017-04-01,2017,4,1.5951312500020833,48.2064004629375,98.8180324074861,205.1488408781743,20.889736350546123,15.301697370244254,17.432920620560346,17.00397383974138,21.623485239755748,19.836413998620692,-1.584880316091954,-1.6182195402298851,-1.6725066091954022,-1.6523242816091952,-1.6401830459770115,-1.5170047413793104
88,2017,5,71.0976999916933,49.05418722536364,-22.043512766329666,0.0,0.0,0.0,0.0,2017-05-01,2017,5,9.664441756254032,56.58450044807796,98.54439964158603,216.0855674164301,,,,,,,,,,,,
89,2017,6,121.80210411272981,88.86349562081375,-32.938608491916064,0.0,0.0,0.0,29.0,2017-06-01,2017,6,16.052291666645832,54.08718981479861,98.57534722225,262.52721117006945,2.8219425416838977,50.45643608865278,60.81144317861111,29.573614878375,26.92266842148611,22.367158609333334,4.894098611111111,1.7315777777777777,-0.12594027777777778,-0.2030972222222222,-0.26110208333333335,-0.4699215277777778
90,2017,7,175.01318395875344,145.68505911398017,-29.328124844773267,0.0,0.0,0.0,56.0,2017-07-01,2017,7,17.940489980398336,72.94907176608504,98.91623289345308,211.5264368759676,2.6812878785523044,58.38636564541917,77.0677002649522,80.69009946331741,40.8352278189985,23.609238386748252,6.028114247311828,3.2240273349587394,1.0220591710427607,-0.0539416416604151,-0.17185058764691172,-0.3837979338584646
91,2017,8,141.53800399072378,133.6127768809815,-7.925227109742285,0.0,0.0,0.0,67.5,2017-08-01,2017,8,13.235278673836023,81.10605510747311,98.34186827966398,140.70430355154906,1.8834545307008101,57.86078108870968,75.20458076134202,83.43022225229882,75.31542853548387,41.976259087432794,5.608965725806452,3.7796740591397846,2.0932459677419355,0.8866512096774194,0.08701008064516129,-0.3183380376344086
92,2017,9,69.76147974308213,83.09773916916656,13.336259426084432,0.0,0.0,0.0,37.5,2017-09-01,2017,9,7.853326570033001,75.77781390892511,98.41695853473009,88.33081690083431,0.07149409722465276,62.705606780277776,80.48900582171254,83.50810123160662,77.14464003458333,65.4332987938889,2.4545680555555554,1.7441194444444443,1.1571159722222222,0.6577131944444444,0.26165208333333334,-0.2642701388888889
93,2017,10,24.04004936697095,66.35787132284328,42.31782195587233,0.0,0.0,0.0,60.0,2017-10-01,2017,10,-1.4099413082365593,85.27245967734544,98.4017921146707,34.30650379396875,-0.7194694780625001,66.62320597937376,81.13260012135785,83.53467737241586,76.64461941680108,69.67667895362904,0.23277486559139784,0.180429435483871,0.09801747311827957,0.04959408602150538,-0.008121639784946235,-0.2531102150537634
94,2017,11,15.60438796478013,55.66971731090884,40.065329346128706,0.0,0.0,0.0,23.0,2017-11-01,2017,11,-13.988958101808333,78.93127546300694,99.07018518533333,4.189764067838488,17.7416879051125,46.25812309840278,71.34933362513888,83.45632778382173,76.22777941319444,69.41882421409723,-0.17393958333333334,-0.119925,-0.13306458333333335,-0.10556597222222222,-0.10262569444444444,-0.26892777777777777
95,2017,12,4.086717414038284,73.01705873492043,68.93034132088214,0.0,0.0,0.0,11.5,2017-12-01,2017,12,-10.354518369190188,79.76039426528898,98.78239247271505,0.436075719702957,26.123760584620296,20.079617221774196,45.506765127352146,82.92407183571251,75.60721518380376,67.25071998951613,-0.3311229838709677,-0.13507594086021504,-0.1347997311827957,-0.10756317204301076,-0.10290793010752688,-0.2579556451612903
96,2018,1,6.106769631635461,6.295828920784266,0.18905928914880513,0.0,0.0,0.0,13.0,2018-01-01,2018,1,-17.57337768821416,71.07347744913844,98.86072431288396,4.181065699618324,32.1075287783517,15.714586223826979,22.99411117250122,66.68510417903629,74.72103947498778,64.28845830641495,-0.9923267350928641,-0.4914322458455523,-0.1317196358748778,-0.09869428152492668,-0.09456091153470186,-0.2427214687194526
97,2018,2,6.819750039562467,7.426553303295431,0.6068032637329637,0.0,0.0,0.0,39.5,2018-02-01,2018,2,-13.766455357204611,77.18434771832588,99.73241567450148,28.112827468048362,49.48380084321057,14.909203708333333,18.621842478497026,22.222059479761903,57.96590612916667,58.80166598854167,-1.352610863095238,-0.8620565476190476,-0.2509724702380952,-0.03515848214285714,-0.02479017857142857,-0.1653035714285714
98,2018,3,9.1721857710694,11.30212756412602,2.12994179305662,0.0,0.0,0.0,12.5,2018-03-01,2018,3,-7.1749489246807805,64.99489247299731,99.3026657705578,96.31740374960552,63.45048835125672,15.667694327755376,19.073906979099462,21.223016537768817,35.17512889563172,46.259630983400534,-0.5774311886395512,-0.43972951729780274,-0.24859706638616175,-0.04059592683496961,-0.012062178588125293,-0.15797250467508184
99,2018,4,10.661292155041265,18.65000832772503,7.988716172683764,0.0,0.0,0.0,12.5,2018-04-01,2018,4,-0.43026319447291667,46.6989189814375,98.68395833343057,206.03636865965973,44.76760017358056,17.379646140277778,19.712510017777777,21.38855051638889,31.494770121041665,34.79924467548611,-0.39198819444444444,-0.33027569444444443,-0.24013888888888887,-0.08967638888888889,-0.004383333333333334,-0.1692576388888889
100,2018,5,78.30832284302276,57.73500981572019,-20.573313027302575,0.0,0.0,0.0,30.0,2018-05-01,2018,5,9.31636267921438,53.937701612842744,98.49731182793683,224.051968918875,0.27654508085302565,40.94251276505376,24.620067682862903,23.407187288844085,33.19541352311828,31.399222793212367,0.2239489247311828,-0.01308736559139785,-0.05745564516129033,-0.025272849462365594,0.007990591397849462,-0.14488978494623656
101,2018,6,129.40727784310494,88.16419756248509,-41.24308028061986,0.0,0.0,0.0,28.5,2018-06-01,2018,6,14.17684814819375,59.26910185188194,98.55124999997916,236.51585575003958,0.8780578752949469,66.19078696597222,68.89928276013862,29.328501517013887,34.714338859791674,31.410596094444443,3.0222006944444444,1.0358916666666667,0.006084722222222222,0.020822916666666667,0.03169097222222222,-0.10905416666666666
102,2018,7,192.94619313670324,155.8137745642502,-37.13241857245305,0.0,0.0,0.0,37.5,2018-07-01,2018,7,16.974060836687432,62.042212971478826,99.27886678705532,242.06131458114498,4.742765408270525,60.325813632644746,77.30504419641798,80.3880808333199,55.154467805189554,38.384079623283704,5.86038126206231,3.703456106975462,1.7852899779432037,0.7672226082161565,0.25204737386269643,-0.1607043975737524
103,2018,8,136.24139499307537,134.0268533210391,-2.214541672036258,0.0,0.0,0.0,121.5,2018-08-01,2018,8,11.527323028689516,82.53723566293682,98.60067204301076,118.68184379690526,5.387975905349205,67.68705345429619,77.69545041305457,82.896455075,77.39895673487904,69.53602201639785,4.587834677419354,3.688444892473118,3.3826532258064517,2.870315188172043,1.747448252688172,-0.21630712365591395
104,2018,9,55.0061734291739,76.36590905287444,21.359735623700544,0.0,0.0,0.0,71.5,2018-09-01,2018,9,7.585722916652778,77.89467129629861,99.54842592581251,84.49128691724236,4.363100478962684,74.96636365818594,82.08256073983333,83.496420205,76.31853023069445,72.30584332277778,1.9999,1.8460131944444444,2.223753472222222,2.185523611111111,1.5048993055555555,-0.20767569444444442
105,2018,10,16.09420925729709,34.054757015989814,17.960547758692723,0.0,0.0,0.0,16.5,2018-10-01,2018,10,0.7793962813145162,71.30917338702957,98.2704077059207,42.44006523535013,2.0562913783089325,68.8473435202285,81.35725061653434,83.5216657,75.33956493817203,73.09446539831988,-0.012672715053763443,0.29919758064516133,1.2448198924731182,1.5175504032258065,1.1168030913978495,-0.20978897849462366
106,2018,11,4.349815753896494,9.274574771901031,4.924759018004537,0.0,0.0,0.0,0.0,2018-11-01,2018,11,-12.56028287043125,83.64401157408334,98.49087962949307,12.589710048055556,5.313570659730556,21.41465835923611,44.186604608676724,82.36511585833333,75.082155595625,73.93591919618055,-0.8377861111111111,0.0031999999999999954,1.1393256944444443,1.3869618055555555,1.0059111111111112,-0.23375
107,2018,12,3.8351202694139883,3.995825647402988,0.1607053779889997,0.0,0.0,0.0,0.0,2018-12-01,2018,12,-17.456817204204302,81.62498655921371,97.77820340502016,0.46268980713823926,13.633809028854843,18.07772653057796,31.355541860349465,68.42079646911239,70.24789622600807,67.6447664436156,-1.0811129032258064,-0.14851075268817204,1.295056451612903,1.6175302419354838,1.1057983870967742,-0.2357909946236559
108,2019,1,2.3035624757200717,5.083888973795932,2.78032649807586,0.0,0.0,0.0,0.0,2019-01-01,2019,1,-21.165794354903227,77.49856406810484,98.81337365594757,2.71591721957453,20.902333109301075,13.835940927352151,21.317260428427417,23.48825296061828,50.70865267143817,43.357834363642475,-2.3005040322580643,-1.2125228494623657,0.7775302419354838,2.1596485215053765,1.3301034946236558,-0.23245362903225805
109,2019,2,3.940573559468825,7.411292226282167,3.4707186668133416,0.0,0.0,0.0,0.0,2019-02-01,2019,2,-12.562967757991816,77.60707589295387,99.76071428576635,30.68783331570238,33.87734343996279,15.064311858110118,21.144462129910714,18.369123279464283,31.270477984747025,33.13022008020833,-1.1577745535714286,-0.6109114583333334,0.9064188988095239,2.6111674107142853,1.5460840773809523,-0.20704092261904763
110,2019,3,8.807824057797852,16.6790663805645,7.871242322766649,0.0,0.0,0.0,16.0,2019-03-01,2019,3,-0.9163991935638441,65.59728718646505,98.76850358398522,87.53781096436694,33.43396695783266,18.51591929717742,23.81145768965054,20.035994769758066,32.63463379233871,28.065823274059138,-0.37501142473118276,0.3288608870967742,1.8584623655913979,2.885692876344086,1.7253293010752688,-0.16566196236559141
111,2019,4,18.44238941062168,21.722701039466916,3.2803116288452374,0.0,0.0,0.0,20.0,2019-04-01,2019,4,1.9054217592805558,56.80082638895833,98.5295138890625,185.57342951389862,5.0348959342931145,33.233953413125,34.598586044861115,28.164807693888886,44.277165585625,36.83946477270833,0.12965625,1.6964756944444446,2.3070604166666664,2.663348611111111,1.5199708333333333,-0.14563958333333332
112,2019,5,78.42689682502429,47.54437781587811,-30.88251900914618,0.0,0.0,0.0,14.0,2019-05-01,2019,5,10.641513652048157,55.60632475678629,98.70659178189113,219.39881183691958,2.57944491128107,61.73623382507621,64.0455089001638,68.67809192422125,73.97316726019207,77.75861225655325,1.0383049140464864,0.8608758097420428,0.9043644583671733,1.116114184263449,0.8125374120160884,-0.1288156074757319
113,2019,6,159.44909246756967,92.93157964760337,-66.51751281996629,0.0,0.0,0.0,31.0,2019-06-01,2019,6,16.151270370330554,60.53858564813195,99.06483796289584,269.6049295640194,5.294922576577266,57.29725963427319,71.98985488521303,79.96940175048077,79.64871517314553,79.05877291851505,6.275329104010025,4.230701336675021,2.77456484962406,2.0182721386800333,1.3952750104427736,-0.08587839390142021
114,2019,7,198.13386844571733,144.69010364704067,-53.44376479867666,0.0,0.0,0.0,44.0,2019-07-01,2019,7,17.281875671944892,70.27287858430779,98.96202956997983,207.56135481026277,0.23766530358494609,52.45789893857527,65.67345858340053,80.23742125964624,80.01896690943026,78.60312224879033,8.682350806451613,7.0595349462365595,5.386141129032258,4.157516801075269,2.8625974462365593,-0.07574798387096773
115,2019,8,144.26272011706277,130.49524172129102,-13.767478395771748,0.0,0.0,0.0,172.0,2019-08-01,2019,8,11.49914000892406,78.66722446237904,99.32652329755376,153.73375332155175,2.2372845542086695,77.97978630687449,78.69646481989582,83.66733395857142,80.8945549257365,78.23441985759409,3.5925880376344086,3.3577244623655917,3.2289334677419355,3.0361653225806453,2.325825940860215,-0.06761827956989247
116,2019,9,59.6648646132554,76.1882655183685,16.523400905113093,0.0,0.0,0.0,29.0,2019-09-01,2019,9,8.024371759190279,73.36970601854861,98.45365740726388,106.73943692132015,1.5744429895212853,73.05710288444445,81.34860259680059,83.63076138125,80.40872857455912,77.16458014118055,1.9826833333333334,1.897911111111111,2.4785881944444443,2.4739055555555556,1.883373611111111,-0.0605375
117,2019,10,16.638738885751422,46.28526311452599,29.646524228774567,0.0,0.0,0.0,57.5,2019-10-01,2019,10,-0.8526702508884408,82.94571236547715,98.57464157721103,32.83746233439584,0.4450106699015019,78.20263916186863,81.927919225,83.71417794305556,79.97862605737588,77.05672922009408,0.17261827956989248,0.5840456989247312,1.4853077956989247,1.8058568548387095,1.407584005376344,-0.08085147849462365
118,2019,11,4.190423783029525,32.26558985808208,28.07516607505255,0.0,0.0,0.0,30.0,2019-11-01,2019,11,-9.570397222207639,76.78521296290972,98.59430555563888,7.262772797964583,7.5568353588142365,48.034462921319445,75.92879781011878,83.53002685,79.40831903451152,76.71443876604167,-0.0972548611111111,0.7424298611111111,1.6963472222222222,1.875301388888889,1.4282916666666667,-0.049036805555555556
119,2019,12,2.4896589322169214,17.545586943263178,15.055928011046259,0.0,0.0,0.0,4.5,2019-12-01,2019,12,-20.88762500003562,74.86793682790322,97.7968637992473,0.9223832617379032,20.36741985891129,30.68391472701613,53.78085976424731,82.49390215364635,78.74016374993279,76.41960475564517,-0.4165483870967742,1.0144583333333332,1.8585907258064516,1.9819489247311828,1.4738004032258065,-0.02765456989247312
120,2020,1,5.869720640020978,10.476901767452404,4.607181127431425,0.0,0.0,0.0,2.0,2020-01-01,2020,1,-26.244655018028226,67.49989471329302,98.8754928315457,4.093765448783603,27.645923681386485,15.935442102688173,27.543671206384406,46.350314275994954,64.5857090594086,57.63995410611559,-1.4332923387096774,-0.20526478494623657,1.8112728494623656,2.2590739247311826,1.5977627688172042,-0.037864919354838704
121,2020,2,18.77683953720263,27.068328210838285,8.291488673635657,0.0,0.0,0.0,11.0,2020-02-01,2020,2,-20.018129789165947,71.78092480846408,98.61698275855173,36.84093421422385,40.40296000957184,16.29507233079628,22.81473027673548,22.59506994827208,43.85142457149123,36.784144183809744,-0.8284884301270418,-0.0351212189957653,2.1630659029038113,2.8033569646098004,1.7954952737447065,-0.008347738959467634
122,2020,3,27.718497265669626,25.007006589563588,-2.711490676106039,0.0,0.0,0.0,57.5,2020-03-01,2020,3,-12.056745519690189,66.73041218641129,99.5860887093414,91.29220738706049,58.550958277400056,17.02018166639785,22.225072430981182,20.59558083629032,35.23988363696236,27.753615873790324,-0.46447647849462365,0.7209139784946237,2.9228528225806456,3.2812486559139784,1.9634697580645162,0.03688575268817204
123,2020,4,38.50149484477302,54.47843857255347,15.976943727780455,0.0,0.0,0.0,47.0,2020-04-01,2020,4,-0.9547699073951388,63.10045601863889,99.0235879628125,179.22681914112292,44.9045773147809,35.04074986840278,37.418023975208335,41.09636880715278,55.1639914444385,48.752019605763884,-0.05384097222222222,1.1611138888888888,2.0178402777777777,2.3683402777777776,1.6531597222222223,0.07756111111111112
124,2020,5,136.07978396673013,122.90041355176075,-13.179370414969384,0.0,0.0,0.0,8.5,2020-05-01,2020,5,10.690560931979839,44.71945788536962,98.94513888890458,278.5921385154509,2.819390966015912,57.74850911928662,57.4649696541595,65.82016986930641,80.5160771099663,78.57245860294294,0.3775767352579853,0.5986339714714715,0.9381229780917281,1.3128478313540812,1.3529119744744744,0.11089072993447993
125,2020,6,195.43280493566076,167.8354155299023,-27.59738940575846,0.0,0.0,0.0,95.0,2020-06-01,2020,6,13.738472453697222,67.63720833334722,98.50118055559723,241.90185531560834,4.560401415892269,69.16472035424577,74.37487903265152,74.41793516258424,81.00542059005328,78.9611950818617,2.334890277777778,1.7491152777777779,1.5383645833333333,1.7570479166666668,1.556107638888889,0.11362430555555555
126,2020,7,251.6176177864648,214.9530511038691,-36.664566682595705,0.0,0.0,0.0,76.0,2020-07-01,2020,7,14.264275313576613,73.22030017923387,98.80573476704973,222.74834455414245,4.323815970919658,76.86928393853576,81.76151419402777,83.383838078,80.82065020045833,79.19189412088463,2.8276403019023983,2.2821736972704714,2.3060125620347396,2.462372518610422,1.9636204507857735,0.13330919148056244
127,2020,8,198.70677439613743,198.92148189421405,0.21470749807663658,0.0,0.0,0.0,63.5,2020-08-01,2020,8,13.362378584225805,76.88594982087365,98.37916666665323,184.40241274139785,4.742513407777996,77.58880027000744,83.3985595,83.76183173480392,80.1720172205431,78.99355308177886,3.573190113719736,3.3613365584494987,3.4382403705062363,3.165817177182685,2.3253315908535095,0.1731406517485938
128,2020,9,66.63829074873975,90.39218795537029,23.75389720663054,0.0,0.0,0.0,58.5,2020-09-01,2020,9,7.004828240770139,80.4017800925486,98.67891203690277,91.5708635352889,3.102842894273811,81.65931821920636,,83.776695175,80.14112001243119,78.25914636777777,1.9702381944444445,2.2399506944444445,2.6961659722222224,2.626304861111111,1.9799875,0.13445208333333333
129,2020,10,24.4207347351722,68.83193867693906,44.41120394176686,0.0,0.0,0.0,10.5,2020-10-01,2020,10,-3.4102031809469087,72.3321527777957,99.09323476732527,44.15892503753858,0.12125447800767157,69.7593055631641,81.38418301215135,83.78095386666666,79.55942652376713,77.60141429603495,0.37516397849462363,0.9786827956989248,2.046806451612903,2.1070611559139785,1.60921438172043,0.0706532258064516
130,2020,11,9.013828847028984,19.92290370127556,10.909074854246576,0.0,0.0,0.0,22.0,2020-11-01,2020,11,-15.678989120357638,80.48890972227778,98.15062499999304,8.968878964825695,17.069808854177083,41.20998272729166,69.7714081601452,83.5386417,78.45254328229166,77.09277691874999,-0.008852777777777777,1.212411111111111,2.096460416666667,2.072845138888889,1.5423215277777778,0.029225694444444447
131,2020,12,8.673521742624695,29.750218039072816,21.07669629644812,0.0,0.0,0.0,8.0,2020-12-01,2020,12,-15.818475806432795,69.85380600356183,97.92894265244622,0.9242131655262097,19.695516745043683,25.751414064852153,45.64948489926075,73.26332875810121,75.6501721093414,74.75484201774194,-0.22665255376344087,1.438298387096774,2.213265456989247,2.280110887096774,1.6646868279569893,0.038042338709677416
132,2021,1,13.323142823182963,23.289405835712827,9.966263012529867,0.0,0.0,0.0,0.0,2021-01-01,2021,1,-16.295847846503484,76.1918550847985,981.0980666298067,7.6384045432572485,17.26813492011905,20.49194485,35.821959419047616,59.1816539095238,69.02508077380952,63.821997033333325,-0.2572857142857143,1.686,2.4354761904761904,2.5482619047619046,1.7801190476190476,0.024428571428571428
133,2021,2,16.98473399984201,17.830938403956054,0.8462044041140413,0.0,0.0,0.0,0.0,2021-02-01,2021,2,-22.305664682520835,68.02509424604911,992.1436011918155,30.756636869404762,,,,,,,,,,,,
134,2021,3,18.332137043743806,23.869153182432225,5.537016138688417,0.0,0.0,0.0,4.0,2021-03-01,2021,3,-13.011380600270162,67.5940008959543,987.4968638002688,98.84733076845632,44.13462686705812,18.02338071205071,23.31861699563015,18.71556381657509,33.60871125342262,28.14996849060783,-0.14443735691391943,2.7916216231684983,3.9117125972985347,3.4895492216117217,1.9606190476190477,0.049698088369963374
135,2021,4,29.62961697257946,51.60432332040844,21.97470634782898,0.0,0.0,0.0,0.0,2021-04-01,2021,4,-2.456829398120139,53.54036574075,993.5699074079861,211.16585756975485,,,,,,,,,,,,
136,2021,5,112.83875774980864,104.9295113947237,-7.909246355084939,0.0,0.0,0.0,12.0,2021-05-01,2021,5,8.952341845905913,52.20464829756048,988.7311827952285,257.5015144210423,4.939923677422188,63.95517455503788,61.9387628397601,76.02099542130051,82.19512502692307,78.87151815689394,0.6261969696969697,0.6617063131313131,0.883865404040404,1.2748531565656565,1.3441424242424242,0.1471810606060606
137,2021,6,210.81757220812597,163.63979345796116,-47.17777875016483,0.0,0.0,0.0,37.5,2021-06-01,2021,6,15.32905572996696,60.14551510626443,986.1736884298291,283.12934353581386,4.4474863844178465,67.74636002919372,77.70235201568217,79.52766469587384,82.15421015034723,78.98226294876095,2.967821211975589,2.1028334091963163,1.7823524699283142,1.7790858935191245,1.6084421774510234,0.08755834747936776
138,2021,7,229.6555574011864,190.95996066463275,-38.69559673655367,0.0,0.0,0.0,46.5,2021-07-01,2021,7,16.110334414536,64.16859513792367,989.3481280195945,246.00974028020948,1.8258785206269417,53.41439662455458,65.52610143104214,75.59041765921168,80.3770055200869,77.94297309655227,7.210631048387096,6.252968894009217,5.217148425499232,4.2275525153609825,3.0911594662058373,0.23352064132104455
139,2021,8,192.6394523068762,196.486364244464,3.8469119375877923,0.0,0.0,0.0,144.0,2021-08-01,2021,8,11.505336469598117,83.14990591395161,986.6115591397178,134.86377934224933,4.261571063716595,68.43108804155092,75.18102717114898,83.536367,80.72320559750123,77.78360388508064,3.772663306451613,3.5537533602150537,3.29670497311828,2.9965194892473117,2.4240423387096777,0.20044153225806452
140,2021,9,90.93624673281569,111.51223928196687,20.57599254915118,0.0,0.0,0.0,8.0,2021-09-01,2021,9,4.361328009236112,72.70570601848611,981.2736111107639,112.50635144039514,2.9634005092738414,78.93625886823871,83.93499985,83.87625249999999,80.5887985774615,77.25661249590279,1.13975,1.783373611111111,2.410384027777778,2.449111111111111,1.8650131944444444,0.08834722222222222
141,2021,10,30.19726660546464,70.28257092556686,40.085304320102225,0.0,0.0,0.0,23.5,2021-10-01,2021,10,-2.2505611559159946,81.20498879926747,975.9254032258737,33.66837379425537,1.5740368818577435,74.42076906057329,82.22526362321429,,80.28680479598118,77.04100883709678,0.15188709677419354,1.0134885752688172,2.0526424731182797,2.2096888440860214,1.6682735215053763,0.02637298387096774
142,2021,11,13.91718969061254,24.99889375507122,11.081704064458679,0.0,0.0,0.0,4.5,2021-11-01,2021,11,-18.280966203605555,72.87065046295137,984.5506944432639,7.396907129236111,0.612693460659375,32.44937735291667,56.18437868781048,71.56049483463542,78.78718890948589,76.42798645993055,-0.9555465277777777,0.5149763888888889,1.9061006944444443,2.1659625,1.6046340277777777,-0.00923263888888889
143,2021,12,11.9717827338718,28.04655464082615,16.074771906954354,0.0,0.0,0.0,245.5,2021-12-01,2021,12,-18.294043435467934,77.89965941374673,987.3058093701793,0.8993343072764362,23.797451481264332,15.292043468129664,22.815828787152505,25.469122723210223,48.112657653610555,44.115390047928734,-1.5577616616598717,-0.6007450915528216,1.7574381765133633,2.4967047332093557,1.6250354975800492,-0.01563378424290108
144,2022,1,9.127561871268902,24.668117093400586,15.540555222131681,14.949380631295611,44.47674231868044,29.527361687384822,8.5,2022-01-01,2022,1,-19.97129009844691,68.97759632615592,990.6821236564516,5.548386819424059,55.24648773528898,17.837242461962365,24.344067335685484,20.363669040658603,40.14230434737903,32.16834847520161,-0.33058198924731186,1.7836599462365592,3.002173387096774,3.103225806451613,1.891603494623656,0.019860215053763442
145,2022,2,8.673982922711662,20.394361397332204,11.72037847462054,20.354755246662243,55.85209601914272,35.49734077248048,45.5,2022-02-01,2022,2,-16.637070436517114,69.00780009920388,989.3722718237351,25.3208741995878,57.27314608145461,16.59648543519345,21.41974706205357,17.14747705580357,34.75085114784226,26.92067105595238,-0.48651488095238093,2.3875208333333333,3.438610863095238,3.3451927083333333,1.9629397321428572,0.019825148809523806
146,2022,3,26.38900977878141,54.840148074722805,28.45113829594139,109.6016302973646,111.9586792998725,2.357049002507914,181.5,2022-03-01,2022,3,-8.757938620113576,55.06923387093414,987.8239247326612,106.27877472686089,58.28282706091062,17.434210243682795,22.423795116935484,17.43517300577957,31.661682788978496,24.02059588205645,-0.2435282258064516,2.9864005376344087,3.621118951612903,3.4541028225806456,2.01658938172043,0.028088037634408602
147,2022,4,17.389870033214113,39.76038671399096,22.370516680776845,245.33163080672844,167.08709166974774,-78.2445391369807,0.0,2022-04-01,2022,4,-1.6178298611069444,46.549414351756944,990.2712962954167,224.0845757441118,40.789151549878945,18.21014968388889,22.651533861041667,17.9180132175,30.76900217777778,22.18299888888889,-0.028621527777777777,3.3746659722222225,3.7176104166666666,3.4680145833333333,2.039620833333333,0.04432222222222223
148,2022,5,70.25234432111486,50.34545375037623,-19.90689057073864,316.80943329497086,258.0652077689256,-58.744225526045305,36.0,2022-05-01,2022,5,8.186403113818548,55.75978046604167,988.0100806444892,259.6329958325961,1.1653550383717106,34.39742722452957,37.570066651545694,37.908972228494626,50.076191487039914,38.22944922365591,0.6787795698924731,2.6798756720430106,2.8217889784946237,2.8617923387096775,1.902206989247312,0.07855309139784947
149,2022,6,149.323387754016,111.33970952270727,-37.98367823130875,354.21678240562244,310.77542085041114,-43.44136155521129,5.5,2022-06-01,2022,6,14.564937547801566,54.66646927399403,988.2239977404383,300.23589698053,4.8435789669236,48.9519478807414,53.36943313597047,66.43926713383875,81.07465234581818,76.61999750553386,3.0059736005876307,2.6194816977807616,2.491362790785814,2.507522075847439,1.8451593397201278,0.11287288578590161
150,2022,7,209.56734697413734,185.06691324949225,-24.50043372464511,371.58117007870504,369.5740280881964,-2.007141990508604,30.5,2022-07-01,2022,7,15.31430309150336,68.81795131432213,985.5733572279076,212.02681032085658,,40.19246051445341,43.334245987638894,54.793195289641574,69.23018263476544,74.50019805177867,7.00074726702509,5.994334677419355,4.788152688172043,3.998297625448029,2.7997851254480284,0.191440770609319
151,2022,8,172.14309518560066,175.24398329217493,3.100888106574298,347.0978888968229,409.74075183480926,62.64286293798641,63.5,2022-08-01,2022,8,12.225955421076613,76.14719086015458,984.5183691758737,165.76930540768416,,60.962846713037635,68.80861239841683,69.16249076189395,81.66451022777525,76.09701360564516,4.043484543010753,3.492134408602151,3.395774193548387,3.600309811827957,2.7585456989247312,0.23859543010752687
152,2022,9,81.01599260985374,108.35376918726686,27.33777657741312,169.6755570215843,264.0445307023175,94.36897368073323,39.0,2022-09-01,2022,9,6.623306944355556,79.23769444439583,981.558101851875,86.20852736443409,,74.44551860375,83.26571419999999,84.1105625,81.72788216882716,76.40506743020833,1.2999826388888889,1.5280805555555554,2.1488187499999998,2.7563888888888886,2.1382104166666664,0.15189097222222223
153,2022,10,19.200998065523866,40.81021194234775,21.609213876823883,37.596831818607576,105.28570811811909,67.68887629951152,28.0,2022-10-01,2022,10,-4.495848790318548,83.0606877240793,983.3077956985886,37.82583000800403,,75.30324008274332,81.47459764358975,84.0604988,81.62391549999207,76.42585471350807,0.19364247311827956,0.7900477150537635,1.7955779569892474,2.3408333333333333,1.7787594086021505,0.06659341397849462
154,2022,11,6.136980835802169,12.626030155815371,6.489049320013203,6.889539984182533,29.696461219540662,22.80692123535813,14.0,2022-11-01,2022,11,-14.551670370360418,83.69810648151389,992.3932870408333,7.629516509172222,,37.86281155090278,64.37830209037529,81.97784706,81.33217108143253,75.96597928520833,-0.046559722222222225,1.4907354166666666,2.5194819444444443,2.5712930555555555,1.8924659722222223,0.06609861111111111
155,2022,12,3.454409948479039,5.30719122650533,1.8527812780262904,28.623081398291,48.33956044198419,19.716479043693187,26.5,2022-12-01,2022,12,-19.710614268611973,75.3365999957402,992.5528993846231,1.1542432357640393,,18.352335921243437,32.50756032867697,70.12769515243104,75.63789640720566,73.1299894572655,-0.2655163168326289,1.4413025656983547,2.6864828857925196,2.859063436373188,1.9615794428226314,0.07908372366294943
